{
  "success_rates": {
    "blaker": 92.3076923076923,
    "conditional": 11.538461538461538,
    "midp": 0.0,
    "unconditional": 92.3076923076923,
    "wald": 92.3076923076923
  },
  "avg_times": {
    "blaker": 0.0015664994716644287,
    "conditional": 0.00010538101196289062,
    "midp": NaN,
    "unconditional": 12.067651063203812,
    "wald": 1.369913419087728e-05
  },
  "timeout_analysis": {}
}